Team,Type,Subtype,Period,Start Frame,Start Time [s],End Frame,End Time [s],From,To,Start X,Start Y,End X,End Y
Away,SET PIECE,KICK OFF,1,1,0.04,0,0.0,Player19,,,,,
Away,PASS,,1,1,0.04,3,0.12,Player19,Player21,0.45,0.39,0.55,0.43
Away,PASS,,1,3,0.12,17,0.68,Player21,Player15,0.55,0.43,0.58,0.21
Away,PASS,,1,45,1.8,61,2.44,Player15,Player19,0.55,0.19,0.45,0.31
Away,PASS,,1,77,3.08,96,3.84,Player19,Player21,0.45,0.32,0.49,0.47
Away,PASS,,1,191,7.64,217,8.68,Player21,Player22,0.4,0.73,0.32,0.98
Away,PASS,,1,279,11.16,303,12.12,Player22,Player17,0.39,0.96,0.49,0.98
Away,BALL LOST,INTERCEPTION,1,346,13.84,380,15.2,Player17,,0.51,0.97,0.27,0.75
Away,RECOVERY,INTERCEPTION,1,453,18.12,453,18.12,Player16,,0.57,0.67,,
Away,BALL LOST,HEAD-INTERCEPTION,1,453,18.12,497,19.88,Player16,,0.57,0.67,0.33,0.65
Away,CHALLENGE,AERIAL-LOST,1,497,19.88,497,19.88,Player18,,0.38,0.67,,
Away,RECOVERY,INTERCEPTION,1,618,24.72,618,24.72,Player16,,0.64,0.46,,
Away,PASS,,1,763,30.52,784,31.36,Player16,Player19,0.58,0.27,0.51,0.33
Away,PASS,,1,784,31.36,804,32.16,Player19,Player20,0.51,0.33,0.57,0.47
Away,PASS,,1,834,33.36,881,35.24,Player20,Player22,0.53,0.53,0.44,0.92
Away,PASS,,1,976,39.04,1010,40.4,Player22,Player17,0.36,0.96,0.48,0.86
Away,BALL LOST,INTERCEPTION,1,1110,44.4,1134,45.36,Player17,,0.42,0.79,0.31,0.84
Away,RECOVERY,INTERCEPTION,1,1374,54.96,1374,54.96,Player15,,0.87,0.29,,
Away,BALL OUT,,1,1374,54.96,1425,57.0,Player15,,0.87,0.29,1.05,0.17
Away,SET PIECE,KICK OFF,1,3675,147.0,3675,147.0,Player19,,,,,
Away,PASS,,1,3675,147.0,3703,148.12,Player19,Player21,0.49,0.5,0.58,0.52
Away,PASS,,1,3780,151.2,3805,152.2,Player21,Player20,0.57,0.53,0.58,0.73
Away,PASS,,1,3829,153.16,3854,154.16,Player20,Player22,0.57,0.76,0.52,0.98
Away,PASS,,1,3882,155.28,3907,156.28,Player22,Player17,0.55,0.95,0.69,0.87
Away,PASS,,1,3930,157.2,3994,159.76,Player17,Player25,0.71,0.86,0.93,0.55
Away,BALL OUT,,1,4093,163.72,4164,166.56,Player25,,0.93,0.56,0.49,1.04
Away,RECOVERY,,1,4452,178.08,4452,178.08,Player19,,0.56,0.82,,
Away,BALL LOST,INTERCEPTION,1,4489,179.56,4518,180.72,Player19,,0.54,0.87,0.48,0.85
Away,RECOVERY,INTERCEPTION,1,4679,187.16,4679,187.16,Player17,,0.62,0.92,,
Away,BALL LOST,INTERCEPTION,1,4709,188.36,4749,189.96,Player17,,0.6,0.95,0.36,0.78
Away,SET PIECE,THROW IN,1,5057,202.28,5057,202.28,Player22,,,,,
Away,PASS,,1,5057,202.28,5081,203.24,Player22,Player19,0.58,1.01,0.57,0.89
Away,BALL LOST,INTERCEPTION,1,5081,203.24,5150,206.0,Player19,,0.57,0.89,0.25,0.84
Away,CHALLENGE,GROUND-WON,1,5228,209.12,5228,209.12,Player19,,0.36,0.83,,
Away,RECOVERY,INTERCEPTION,1,5228,209.12,5228,209.12,Player19,,0.36,0.83,,
Away,BALL LOST,,1,5228,209.12,5263,210.52,Player19,,0.36,0.83,0.28,0.83
Away,RECOVERY,INTERCEPTION,1,5385,215.4,5385,215.4,Player17,,0.59,0.89,,
Away,PASS,HEAD,1,5385,215.4,5412,216.48,Player17,Player20,0.59,0.89,0.54,0.85
Away,PASS,,1,5431,217.24,5471,218.84,Player20,Player18,0.55,0.83,0.45,0.5
Away,BALL LOST,,1,5507,220.28,5517,220.68,Player18,,0.38,0.47,0.28,0.41
Away,RECOVERY,INTERCEPTION,1,5549,221.96,5549,221.96,Player18,,0.29,0.49,,
Away,CHALLENGE,TACKLE-LOST,1,5628,225.12,5628,225.12,Player18,,0.15,0.56,,
Away,BALL LOST,THEFT,1,5628,225.12,5628,225.12,Player18,,0.15,0.56,,
Away,RECOVERY,,1,6685,267.4,6685,267.4,Player25,,0.95,0.45,,
Away,PASS,GOAL KICK,1,6685,267.4,6779,271.16,Player25,Player18,0.95,0.45,0.53,0.04
Away,BALL LOST,HEAD,1,6779,271.16,6844,273.76,Player18,,0.53,0.04,0.57,0.31
Away,CHALLENGE,GROUND-WON,1,6863,274.52,6863,274.52,Player21,,0.53,0.29,,
Away,RECOVERY,INTERCEPTION,1,6863,274.52,6863,274.52,Player21,,0.53,0.29,,
Away,PASS,,1,6863,274.52,6886,275.44,Player21,Player20,0.53,0.29,0.54,0.37
Away,PASS,,1,6905,276.2,6946,277.84,Player20,Player22,0.52,0.41,0.46,0.78
Away,BALL LOST,CROSS-INTERCEPTION,1,6987,279.48,7043,281.72,Player22,,0.38,0.84,0.08,0.4
Away,CHALLENGE,GROUND-LOST,1,7043,281.72,7043,281.72,Player24,,0.1,0.39,,
Away,RECOVERY,,1,7203,288.12,7203,288.12,Player18,,0.13,0.01,,
Away,PASS,,1,7203,288.12,7266,290.64,Player18,Player21,0.13,0.01,0.2,0.11
Away,PASS,,1,7266,290.64,7290,291.6,Player21,Player18,0.2,0.11,0.18,0.04
Away,PASS,,1,7334,293.36,7387,295.48,Player18,Player15,0.24,0.02,0.38,0.08
Away,PASS,,1,7404,296.16,7427,297.08,Player15,Player23,0.38,0.08,0.25,0.21
Away,BALL LOST,,1,7465,298.6,7470,298.8,Player23,,0.23,0.26,0.21,0.26
Away,RECOVERY,,1,7519,300.76,7519,300.76,Player19,,0.26,0.29,,
Away,PASS,,1,7519,300.76,7556,302.24,Player19,Player18,0.26,0.29,0.29,0.07
Away,PASS,,1,7603,304.12,7632,305.28,Player18,Player19,0.29,0.07,0.3,0.24
Away,CHALLENGE,TACKLE-LOST,1,7698,307.92,7698,307.92,Player19,,0.24,0.22,,
Away,BALL LOST,THEFT,1,7698,307.92,7698,307.92,Player19,,0.24,0.22,,
Away,RECOVERY,,1,7724,308.96,7724,308.96,Player21,,0.19,0.27,,
Away,SHOT,OFF TARGET-OUT,1,7753,310.12,7789,311.56,Player21,,0.2,0.3,-0.04,0.65
Away,CHALLENGE,AERIAL-WON,1,8576,343.04,8576,343.04,Player15,,0.62,0.36,,
Away,RECOVERY,INTERCEPTION,1,8576,343.04,8576,343.04,Player15,,0.62,0.36,,
Away,BALL LOST,HEAD,1,8576,343.04,8580,343.2,Player15,,0.62,0.36,0.63,0.36
Away,RECOVERY,,1,8650,346.0,8650,346.0,Player15,,0.66,0.35,,
Away,PASS,HEAD,1,8650,346.0,8686,347.44,Player15,Player16,0.66,0.35,0.75,0.38
Away,BALL LOST,,1,8686,347.44,8735,349.4,Player16,,0.75,0.38,0.64,0.28
Away,SET PIECE,THROW IN,1,8868,354.72,8868,354.72,Player18,,,,,
Away,PASS,,1,8868,354.72,8892,355.68,Player18,Player19,0.77,-0.01,0.72,0.1
Away,BALL LOST,INTERCEPTION,1,8937,357.48,9068,362.72,Player19,,0.71,0.11,0.08,0.17
Away,SET PIECE,THROW IN,1,9215,368.6,9215,368.6,Player23,,,,,
Away,PASS,,1,9215,368.6,9255,370.2,Player23,Player18,0.06,0.0,0.22,0.06
Away,PASS,,1,9306,372.24,9337,373.48,Player18,Player19,0.18,0.11,0.24,0.3
Away,BALL LOST,INTERCEPTION,1,9337,373.48,9356,374.24,Player19,,0.24,0.3,0.24,0.39
Away,RECOVERY,SAVED,1,9634,385.36,9634,385.36,Player25,,0.97,0.44,,
Away,BALL OUT,,1,9634,385.36,9663,386.52,Player25,,0.97,0.44,1.03,0.33
Away,RECOVERY,INTERCEPTION,1,10653,426.12,10653,426.12,Player15,,0.91,0.47,,
Away,BALL LOST,HEAD-INTERCEPTION,1,10653,426.12,10709,428.36,Player15,,0.91,0.47,0.83,0.52
Away,CHALLENGE,AERIAL-LOST,1,10709,428.36,10709,428.36,Player22,,0.84,0.51,,
Away,RECOVERY,INTERCEPTION,1,10761,430.44,10761,430.44,Player15,,0.86,0.47,,
Away,BALL LOST,HEAD-FORCED,1,10761,430.44,10801,432.04,Player15,,0.86,0.47,0.78,0.65
Away,CHALLENGE,AERIAL-FAULT-WON,1,10801,432.04,10801,432.04,Player21,,0.76,0.65,,
Away,SET PIECE,FREE KICK,1,11586,463.44,11586,463.44,Player25,,,,,
Away,PASS,,1,11586,463.44,11619,464.76,Player25,Player17,0.78,0.55,0.7,0.79
Away,PASS,,1,11674,466.96,11701,468.04,Player17,Player22,0.65,0.83,0.57,0.97
Away,PASS,,1,11727,469.08,11763,470.52,Player22,Player20,0.58,0.94,0.54,0.73
Away,PASS,,1,11788,471.52,11812,472.48,Player20,Player19,0.53,0.71,0.5,0.52
Away,PASS,,1,11831,473.24,11861,474.44,Player19,Player24,0.5,0.55,0.39,0.4
Away,PASS,,1,11882,475.28,11918,476.72,Player24,Player18,0.39,0.41,0.32,0.1
Away,BALL LOST,CROSS-INTERCEPTION,1,11987,479.48,12032,481.28,Player18,,0.22,0.12,0.03,0.61
Away,SET PIECE,CORNER KICK,1,12636,505.44,12636,505.44,Player21,,,,,
Away,BALL OUT,,1,12636,505.44,12702,508.08,Player21,,0.01,0.95,-0.03,0.34
Away,RECOVERY,INTERCEPTION,1,13701,548.04,13701,548.04,Player17,,0.57,0.86,,
Away,BALL LOST,,1,13701,548.04,13736,549.44,Player17,,0.57,0.86,0.48,0.82
Away,RECOVERY,INTERCEPTION,1,13766,550.64,13766,550.64,Player15,,0.64,0.55,,
Away,BALL LOST,,1,13766,550.64,13814,552.56,Player15,,0.64,0.55,0.76,0.52
Away,CHALLENGE,TACKLE-WON,1,13844,553.76,13844,553.76,Player16,,0.81,0.53,,
Away,RECOVERY,THEFT,1,13844,553.76,13844,553.76,Player16,,0.81,0.53,,
Away,BALL OUT,CLEARANCE,1,13886,555.44,13987,559.48,Player16,,0.89,0.48,0.96,-0.04
Away,RECOVERY,INTERCEPTION,1,14741,589.64,14741,589.64,Player21,,0.93,0.39,,
Away,PASS,,1,14772,590.88,14793,591.72,Player21,Player19,0.91,0.35,0.83,0.31
Away,PASS,,1,14793,591.72,14815,592.6,Player19,Player16,0.83,0.31,0.92,0.37
Away,PASS,,1,14834,593.36,14870,594.8,Player16,Player21,0.91,0.35,0.8,0.12
Away,PASS,,1,14870,594.8,14890,595.6,Player21,Player18,0.8,0.12,0.83,0.13
Away,PASS,,1,14890,595.6,14924,596.96,Player18,Player24,0.83,0.13,0.59,0.12
Away,BALL LOST,,1,14967,598.68,15046,601.84,Player24,,0.58,0.04,0.31,0.06
Away,CHALLENGE,AERIAL-WON,1,15222,608.88,15222,608.88,Player17,,0.54,0.84,,
Away,RECOVERY,INTERCEPTION,1,15222,608.88,15222,608.88,Player17,,0.54,0.84,,
Away,BALL LOST,HEAD,1,15222,608.88,15270,610.8,Player17,,0.54,0.84,0.39,0.91
Away,RECOVERY,INTERCEPTION,1,15300,612.0,15300,612.0,Player22,,0.46,0.98,,
Away,BALL LOST,,1,15300,612.0,15336,613.44,Player22,,0.46,0.98,0.57,0.91
Away,RECOVERY,,1,15462,618.48,15462,618.48,Player16,,0.79,0.71,,
Away,PASS,,1,15473,618.92,15521,620.84,Player16,Player25,0.8,0.71,0.94,0.61
Away,BALL LOST,,1,15521,620.84,15646,625.84,Player25,,0.94,0.61,0.44,0.34
Away,CHALLENGE,GROUND-FAULT-LOST,1,15690,627.6,15690,627.6,Player24,,0.4,0.46,,
Away,RECOVERY,INTERCEPTION,1,16471,658.84,16471,658.84,Player15,,0.8,0.13,,
Away,BALL OUT,,1,16471,658.84,16543,661.72,Player15,,0.8,0.13,1.03,0.2
Away,RECOVERY,INTERCEPTION,1,17316,692.64,17316,692.64,Player19,,0.94,0.51,,
Away,BALL OUT,HEAD,1,17316,692.64,17352,694.08,Player19,,0.94,0.51,1.04,0.67
Away,CHALLENGE,AERIAL-LOST,1,18252,730.08,18252,730.08,Player17,,0.89,0.47,,
Away,RECOVERY,,1,18558,742.32,18558,742.32,Player25,,0.96,0.6,,
Away,PASS,GOAL KICK,1,18558,742.32,18606,744.24,Player25,Player17,0.96,0.6,0.84,0.92
Away,PASS,,1,18725,749.0,18754,750.16,Player17,Player22,0.67,0.86,0.6,0.99
Away,PASS,,1,18793,751.72,18814,752.56,Player22,Player17,0.61,0.96,0.71,0.91
Away,PASS,,1,18878,755.12,18931,757.24,Player17,Player25,0.74,0.96,0.96,0.74
Away,BALL LOST,INTERCEPTION,1,18931,757.24,19018,760.72,Player25,,0.96,0.74,0.51,0.79
Away,RECOVERY,,1,19116,764.64,19116,764.64,Player19,,0.69,0.49,,
Away,PASS,,1,19214,768.56,19252,770.08,Player19,Player18,0.54,0.3,0.45,0.02
Away,PASS,,1,19269,770.76,19294,771.76,Player18,Player19,0.45,0.03,0.48,0.18
Away,PASS,,1,19348,773.92,19380,775.2,Player19,Player20,0.48,0.23,0.44,0.48
Away,PASS,,1,19380,775.2,19412,776.48,Player20,Player23,0.44,0.48,0.34,0.34
Away,PASS,DEEP BALL,1,19412,776.48,19470,778.8,Player23,Player24,0.34,0.34,0.13,0.37
Away,SHOT,ON TARGET-SAVED,1,19470,778.8,19483,779.32,Player24,,0.13,0.37,0.02,0.48
Away,RECOVERY,INTERCEPTION,1,19616,784.64,19616,784.64,Player20,,0.37,0.26,,
Away,BALL OUT,HEAD,1,19616,784.64,19709,788.36,Player20,,0.37,0.26,0.41,-0.04
Away,CHALLENGE,AERIAL-WON,1,20182,807.28,20182,807.28,Player15,,0.51,0.12,,
Away,RECOVERY,INTERCEPTION,1,20182,807.28,20182,807.28,Player15,,0.51,0.12,,
Away,PASS,HEAD,1,20182,807.28,20216,808.64,Player15,Player21,0.51,0.12,0.44,0.25
Away,PASS,,1,20293,811.72,20325,813.0,Player21,Player19,0.41,0.15,0.36,0.02
Away,BALL LOST,,1,20345,813.8,20363,814.52,Player19,,0.32,0.03,0.25,0.08
Away,RECOVERY,INTERCEPTION,1,20666,826.64,20666,826.64,Player17,,0.49,0.9,,
Away,PASS,,1,20666,826.64,20716,828.64,Player17,Player22,0.49,0.9,0.64,0.87
Away,PASS,,1,20834,833.36,20850,834.0,Player22,Player20,0.59,0.82,0.61,0.73
Away,PASS,,1,20904,836.16,20960,838.4,Player20,Player15,0.61,0.68,0.62,0.29
Away,PASS,,1,21063,842.52,21086,843.44,Player15,Player21,0.5,0.23,0.44,0.21
Away,PASS,,1,21128,845.12,21162,846.48,Player21,Player23,0.47,0.23,0.35,0.22
Away,PASS,,1,21294,851.76,21318,852.72,Player23,Player21,0.38,0.25,0.42,0.2
Away,PASS,,1,21362,854.48,21386,855.44,Player21,Player20,0.42,0.24,0.37,0.38
Away,PASS,,1,21413,856.52,21437,857.48,Player20,Player19,0.35,0.36,0.32,0.47
Away,BALL LOST,INTERCEPTION,1,21437,857.48,21473,858.92,Player19,,0.32,0.47,0.33,0.11
Away,RECOVERY,,1,21515,860.6,21515,860.6,Player19,,0.39,0.46,,
Away,PASS,,1,21515,860.6,21549,861.96,Player19,Player16,0.39,0.46,0.53,0.43
Away,PASS,,1,21580,863.2,21633,865.32,Player16,Player17,0.53,0.47,0.48,0.78
Away,PASS,,1,21716,868.64,21746,869.84,Player17,Player16,0.46,0.77,0.58,0.62
Away,PASS,,1,21811,872.44,21870,874.8,Player16,Player22,0.56,0.6,0.28,0.97
Away,BALL OUT,,1,21886,875.44,21983,879.32,Player22,,0.25,0.97,-0.04,0.73
Away,CHALLENGE,AERIAL-WON,1,22660,906.4,22660,906.4,Player22,,0.55,0.91,,
Away,RECOVERY,INTERCEPTION,1,22660,906.4,22660,906.4,Player22,,0.55,0.91,,
Away,BALL LOST,HEAD,1,22660,906.4,22663,906.52,Player22,,0.55,0.91,0.57,0.87
Away,RECOVERY,,1,22677,907.08,22677,907.08,Player22,,0.54,0.94,,
Away,BALL LOST,,1,22681,907.24,22737,909.48,Player22,,0.54,0.94,0.55,0.67
Away,RECOVERY,INTERCEPTION,1,22746,909.84,22746,909.84,Player21,,0.55,0.6,,
Away,PASS,,1,22746,909.84,22795,911.8,Player21,Player19,0.55,0.6,0.6,0.72
Away,PASS,,1,22795,911.8,22814,912.56,Player19,Player16,0.6,0.72,0.69,0.62
Away,PASS,,1,22814,912.56,22835,913.4,Player16,Player21,0.69,0.62,0.6,0.57
Away,PASS,,1,22996,919.84,23044,921.76,Player21,Player15,0.59,0.39,0.56,0.17
Away,PASS,,1,23061,922.44,23085,923.4,Player15,Player21,0.55,0.18,0.48,0.32
Away,PASS,,1,23146,925.84,23174,926.96,Player21,Player20,0.44,0.42,0.52,0.63
Away,PASS,,1,23193,927.72,23239,929.56,Player20,Player17,0.51,0.64,0.46,0.92
Away,PASS,,1,23305,932.2,23320,932.8,Player17,Player21,0.41,0.88,0.38,0.75
Away,PASS,,1,23320,932.8,23344,933.76,Player21,Player20,0.38,0.75,0.48,0.79
Away,PASS,,1,23344,933.76,23388,935.52,Player20,Player16,0.48,0.79,0.54,0.58
Away,PASS,,1,23500,940.0,23529,941.16,Player16,Player15,0.52,0.5,0.5,0.29
Away,PASS,,1,23578,943.12,23613,944.52,Player15,Player18,0.47,0.25,0.3,0.02
Away,PASS,,1,23683,947.32,23720,948.8,Player18,Player21,0.26,0.09,0.31,0.33
Away,PASS,,1,23729,949.16,23748,949.92,Player21,Player19,0.31,0.34,0.22,0.4
Away,PASS,,1,23748,949.92,23766,950.64,Player19,Player21,0.22,0.4,0.28,0.34
Away,CHALLENGE,GROUND-WON,1,23812,952.48,23812,952.48,Player21,,0.29,0.33,,
Away,BALL LOST,INTERCEPTION,1,23846,953.84,23862,954.48,Player21,,0.3,0.38,0.31,0.45
Away,RECOVERY,INTERCEPTION,1,23909,956.36,23909,956.36,Player19,,0.31,0.52,,
Away,PASS,,1,23909,956.36,23942,957.68,Player19,Player24,0.31,0.52,0.3,0.47
Away,PASS,,1,23958,958.32,23977,959.08,Player24,Player18,0.3,0.44,0.29,0.31
Away,BALL LOST,,1,24026,961.04,24036,961.44,Player18,,0.27,0.42,0.25,0.52
Away,RECOVERY,,1,24186,967.44,24186,967.44,Player16,,0.49,0.54,,
Away,PASS,,1,24186,967.44,24218,968.72,Player16,Player19,0.49,0.54,0.34,0.65
Away,PASS,,1,24218,968.72,24239,969.56,Player19,Player21,0.34,0.65,0.35,0.5
Away,PASS,,1,24266,970.64,24287,971.48,Player21,Player19,0.34,0.53,0.35,0.66
Away,PASS,,1,24308,972.32,24383,975.32,Player19,Player23,0.33,0.66,0.18,0.12
Away,PASS,,1,24393,975.72,24433,977.32,Player23,Player18,0.19,0.11,0.12,0.17
Away,BALL LOST,INTERCEPTION,1,24433,977.32,24486,979.44,Player18,,0.12,0.17,0.09,0.11
Away,CHALLENGE,GROUND-LOST,1,24448,977.92,24448,977.92,Player18,,0.1,0.16,,
Away,RECOVERY,,1,24556,982.24,24556,982.24,Player23,,0.18,0.05,,
Away,BALL OUT,,1,24556,982.24,24591,983.64,Player23,,0.18,0.05,0.29,-0.04
Away,CHALLENGE,GROUND-FAULT-LOST,1,25074,1002.96,25074,1002.96,Player20,,0.36,0.19,,
Away,RECOVERY,INTERCEPTION,1,25705,1028.2,25705,1028.2,Player22,,0.73,0.94,,
Away,BALL OUT,,1,25705,1028.2,25773,1030.92,Player22,,0.73,0.94,1.04,0.93
Away,RECOVERY,,1,27247,1089.88,27247,1089.88,Player25,,0.95,0.46,,
Away,BALL LOST,GOAL KICK-INTERCEPTION,1,27247,1089.88,27330,1093.2,Player25,,0.95,0.46,0.44,0.12
Away,CHALLENGE,AERIAL-LOST,1,27330,1093.2,27330,1093.2,Player18,,0.46,0.17,,
Away,RECOVERY,,1,27412,1096.48,27412,1096.48,Player21,,0.45,0.53,,
Away,PASS,,1,27412,1096.48,27456,1098.24,Player21,Player22,0.45,0.53,0.36,0.89
Away,PASS,,1,27534,1101.36,27557,1102.28,Player22,Player21,0.31,0.92,0.36,0.82
Away,PASS,,1,27578,1103.12,27601,1104.04,Player21,Player23,0.34,0.82,0.23,0.78
Away,PASS,,1,27609,1104.36,27624,1104.96,Player23,Player21,0.24,0.78,0.28,0.83
Away,PASS,,1,27657,1106.28,27673,1106.92,Player21,Player19,0.27,0.8,0.31,0.72
Away,BALL LOST,INTERCEPTION,1,27711,1108.44,27724,1108.96,Player19,,0.28,0.72,0.23,0.84
Away,RECOVERY,,1,28106,1124.24,28106,1124.24,Player25,,0.98,0.48,,
Away,PASS,,1,28339,1133.56,28407,1136.28,Player25,Player21,0.86,0.55,0.63,0.97
Away,BALL LOST,INTERCEPTION,1,28527,1141.08,28589,1143.56,Player21,,0.42,0.96,0.13,0.87
Away,SET PIECE,THROW IN,1,28788,1151.52,28788,1151.52,Player21,,,,,
Away,PASS,,1,28788,1151.52,28811,1152.44,Player21,Player22,0.19,1.01,0.25,0.98
Away,PASS,,1,28858,1154.32,28885,1155.4,Player22,Player19,0.26,0.95,0.29,0.77
Away,PASS,,1,28917,1156.68,28943,1157.72,Player19,Player22,0.28,0.79,0.26,0.95
Away,PASS,,1,28956,1158.24,28982,1159.28,Player22,Player21,0.26,0.94,0.17,0.98
Away,BALL LOST,CROSS-INTERCEPTION,1,29016,1160.64,29061,1162.44,Player21,,0.16,0.96,0.09,0.44
Away,RECOVERY,INTERCEPTION,1,29301,1172.04,29301,1172.04,Player18,,0.32,0.11,,
Away,PASS,,1,29337,1173.48,29367,1174.68,Player18,Player24,0.28,0.06,0.21,0.19
Away,PASS,,1,29394,1175.76,29420,1176.8,Player24,Player19,0.22,0.19,0.28,0.35
Away,PASS,,1,29468,1178.72,29517,1180.68,Player19,Player18,0.26,0.39,0.12,0.07
Away,BALL LOST,OFFSIDE,1,29517,1180.68,29517,1180.68,Player18,,0.12,0.07,,
Away,RECOVERY,INTERCEPTION,1,30442,1217.68,30442,1217.68,Player15,,0.67,0.21,,
Away,PASS,HEAD,1,30442,1217.68,30483,1219.32,Player15,Player19,0.67,0.21,0.61,0.34
Away,BALL LOST,INTERCEPTION,1,30503,1220.12,30517,1220.68,Player19,,0.61,0.37,0.62,0.38
Away,CHALLENGE,TACKLE-WON,1,30807,1232.28,30807,1232.28,Player19,,0.76,0.66,,
Away,RECOVERY,THEFT,1,30807,1232.28,30807,1232.28,Player19,,0.76,0.66,,
Away,PASS,,1,30807,1232.28,30831,1233.24,Player19,Player21,0.76,0.66,0.77,0.63
Away,BALL LOST,INTERCEPTION,1,30867,1234.68,30898,1235.92,Player21,,0.75,0.62,0.6,0.8
Away,RECOVERY,,1,31546,1261.84,31546,1261.84,Player25,,0.96,0.62,,
Away,PASS,GOAL KICK,1,31546,1261.84,31597,1263.88,Player25,Player17,0.96,0.62,0.89,0.88
Away,PASS,,1,31709,1268.36,31733,1269.32,Player17,Player20,0.69,0.88,0.65,0.67
Away,BALL LOST,,1,31738,1269.52,31743,1269.72,Player20,,0.64,0.67,0.66,0.69
Away,RECOVERY,,1,31820,1272.8,31820,1272.8,Player17,,0.77,0.87,,
Away,CHALLENGE,GROUND-FAULT-WON,1,31901,1276.04,31901,1276.04,Player17,,0.72,0.98,,
Away,FAULT RECEIVED,,1,31901,1276.04,31901,1276.04,Player17,,0.72,0.98,,
Away,SET PIECE,FREE KICK,1,32338,1293.52,32338,1293.52,Player17,,,,,
Away,PASS,,1,32338,1293.52,32397,1295.88,Player17,Player16,0.71,0.96,0.76,0.53
Away,PASS,,1,32434,1297.36,32467,1298.68,Player16,Player15,0.74,0.47,0.65,0.24
Away,PASS,,1,32619,1304.76,32657,1306.28,Player15,Player16,0.5,0.2,0.6,0.4
Away,PASS,,1,32739,1309.56,32809,1312.36,Player16,Player17,0.57,0.46,0.51,0.94
Away,BALL OUT,,1,32854,1314.16,32948,1317.92,Player17,,0.49,0.9,-0.04,0.87
Away,RECOVERY,INTERCEPTION,1,33723,1348.92,33723,1348.92,Player22,,0.57,0.86,,
Away,BALL LOST,HEAD-INTERCEPTION,1,33723,1348.92,33777,1351.08,Player22,,0.57,0.86,0.51,0.86
Away,RECOVERY,,1,33846,1353.84,33846,1353.84,Player20,,0.62,0.86,,
Away,PASS,,1,33863,1354.52,33880,1355.2,Player20,Player19,0.61,0.87,0.57,0.8
Away,BALL LOST,INTERCEPTION,1,33880,1355.2,33895,1355.8,Player19,,0.57,0.8,0.53,0.88
Away,SET PIECE,THROW IN,1,34161,1366.44,34161,1366.44,Player22,,,,,
Away,PASS,,1,34161,1366.44,34205,1368.2,Player22,Player17,0.48,1.01,0.67,0.95
Away,PASS,,1,34233,1369.32,34266,1370.64,Player17,Player16,0.66,0.91,0.7,0.54
Away,PASS,,1,34298,1371.92,34338,1373.52,Player16,Player15,0.68,0.48,0.64,0.2
Away,PASS,,1,34397,1375.88,34466,1378.64,Player15,Player22,0.61,0.22,0.35,0.97
Away,PASS,,1,34515,1380.6,34590,1383.6,Player22,Player21,0.32,0.97,0.09,0.85
Away,BALL LOST,CROSS-INTERCEPTION,1,34619,1384.76,34644,1385.76,Player21,,0.07,0.82,0.04,0.56
Away,RECOVERY,,1,35041,1401.64,35041,1401.64,Player17,,0.53,0.45,,
Away,PASS,,1,35083,1403.32,35102,1404.08,Player17,Player20,0.5,0.44,0.44,0.32
Away,PASS,,1,35188,1407.52,35224,1408.96,Player20,Player18,0.35,0.28,0.32,0.03
Away,PASS,,1,35313,1412.52,35360,1414.4,Player18,Player19,0.3,0.06,0.43,0.3
Away,PASS,,1,35439,1417.56,35503,1420.12,Player19,Player17,0.43,0.4,0.43,0.8
Away,PASS,,1,35503,1420.12,35539,1421.56,Player17,Player22,0.43,0.8,0.28,0.97
Away,BALL OUT,,1,35592,1423.68,35686,1427.44,Player22,,0.31,0.92,-0.04,0.82
Away,CHALLENGE,AERIAL-WON,1,36335,1453.4,36335,1453.4,Player15,,0.58,0.26,,
Away,RECOVERY,INTERCEPTION,1,36335,1453.4,36335,1453.4,Player15,,0.58,0.26,,
Away,BALL LOST,INTERCEPTION,1,36335,1453.4,36365,1454.6,Player15,,0.58,0.26,0.56,0.26
Away,CHALLENGE,TACKLE-WON,1,36414,1456.56,36414,1456.56,Player15,,0.6,0.12,,
Away,RECOVERY,THEFT,1,36414,1456.56,36414,1456.56,Player15,,0.6,0.12,,
Away,BALL OUT,,1,36414,1456.56,36461,1458.44,Player15,,0.6,0.12,0.52,-0.04
Away,SET PIECE,THROW IN,1,36880,1475.2,36880,1475.2,Player22,,,,,
Away,PASS,,1,36880,1475.2,36907,1476.28,Player22,Player17,0.49,1.01,0.59,0.94
Away,PASS,,1,36956,1478.24,36996,1479.84,Player17,Player16,0.58,0.89,0.65,0.66
Away,PASS,,1,37027,1481.08,37082,1483.28,Player16,Player15,0.64,0.63,0.6,0.27
Away,PASS,,1,37127,1485.08,37155,1486.2,Player15,Player18,0.55,0.21,0.38,0.0
Away,PASS,,1,37182,1487.28,37194,1487.76,Player18,Player19,0.38,0.0,0.44,0.13
Away,PASS,,1,37215,1488.6,37235,1489.4,Player19,Player20,0.43,0.11,0.38,0.25
Away,CHALLENGE,GROUND-WON,1,37303,1492.12,37303,1492.12,Player20,,0.27,0.24,,
Away,CHALLENGE,GROUND-WON,1,37351,1494.04,37351,1494.04,Player20,,0.19,0.23,,
Away,BALL LOST,INTERCEPTION,1,37382,1495.28,37382,1495.28,Player20,,0.16,0.22,,
Away,CHALLENGE,TACKLE-FAULT-LOST,1,37382,1495.28,37382,1495.28,Player20,,0.16,0.22,,
Away,CHALLENGE,AERIAL-WON,1,38234,1529.36,38234,1529.36,Player16,,0.68,0.39,,
Away,RECOVERY,INTERCEPTION,1,38234,1529.36,38234,1529.36,Player16,,0.68,0.39,,
Away,PASS,,1,38234,1529.36,38275,1531.0,Player16,Player21,0.68,0.39,0.58,0.43
Away,PASS,,1,38275,1531.0,38288,1531.52,Player21,Player19,0.58,0.43,0.6,0.38
Away,CHALLENGE,TACKLE-LOST,1,38317,1532.68,38317,1532.68,Player19,,0.61,0.37,,
Away,BALL LOST,THEFT,1,38317,1532.68,38317,1532.68,Player19,,0.61,0.37,,
Away,RECOVERY,INTERCEPTION,1,38457,1538.28,38457,1538.28,Player22,,0.59,0.75,,
Away,CHALLENGE,TACKLE-FAULT-LOST,1,38457,1538.28,38457,1538.28,Player22,,0.59,0.75,,
Away,RECOVERY,INTERCEPTION,1,42718,1708.72,42718,1708.72,Player16,,0.7,0.67,,
Away,BALL OUT,HEAD,1,42718,1708.72,42768,1710.72,Player16,,0.7,0.67,0.69,1.02
Away,CHALLENGE,GROUND,1,43314,1732.56,43314,1732.56,Player16,,0.71,0.79,,
Away,RECOVERY,INTERCEPTION,1,43325,1733.0,43325,1733.0,Player17,,0.73,0.83,,
Away,PASS,HEAD,1,43325,1733.0,43354,1734.16,Player17,Player22,0.73,0.83,0.64,0.92
Away,CHALLENGE,GROUND-FAULT-LOST,1,43455,1738.2,43455,1738.2,Player22,,0.57,0.94,,
Away,PASS,,1,43469,1738.76,43485,1739.4,Player22,Player21,0.55,0.96,0.46,0.91
Away,BALL LOST,FORCED,1,43485,1739.4,43485,1739.4,Player21,,0.46,0.91,,
Away,RECOVERY,INTERCEPTION,1,44354,1774.16,44354,1774.16,Player18,,0.81,0.45,,
Away,BALL LOST,HEAD,1,44354,1774.16,44402,1776.08,Player18,,0.81,0.45,0.75,0.39
Away,CHALLENGE,GROUND-WON,1,44426,1777.04,44426,1777.04,Player18,,0.82,0.39,,
Away,RECOVERY,INTERCEPTION,1,44426,1777.04,44426,1777.04,Player18,,0.82,0.39,,
Away,BALL LOST,,1,44426,1777.04,44504,1780.16,Player18,,0.82,0.39,0.64,0.16
Away,RECOVERY,INTERCEPTION,1,44863,1794.52,44863,1794.52,Player22,,0.41,0.96,,
Away,BALL OUT,,1,44863,1794.52,44888,1795.52,Player22,,0.41,0.96,0.27,1.02
Away,CHALLENGE,GROUND-LOST,1,45132,1805.28,45132,1805.28,Player20,,0.45,0.9,,
Away,CHALLENGE,TACKLE-FAULT-LOST,1,45184,1807.36,45184,1807.36,Player22,,0.38,0.94,,
Away,CHALLENGE,AERIAL-LOST,1,45905,1836.2,45905,1836.2,Player17,,0.75,0.86,,
Away,RECOVERY,INTERCEPTION,1,46001,1840.04,46001,1840.04,Player16,,0.92,0.9,,
Away,BALL OUT,CLEARANCE,1,46001,1840.04,46037,1841.48,Player16,,0.92,0.9,0.76,1.02
Away,SET PIECE,THROW IN,1,47146,1885.84,47146,1885.84,Player22,,,,,
Away,PASS,,1,47146,1885.84,47204,1888.16,Player22,Player21,0.6,1.01,0.63,0.69
Away,PASS,,1,47204,1888.16,47252,1890.08,Player21,Player15,0.63,0.69,0.66,0.31
Away,PASS,,1,47337,1893.48,47370,1894.8,Player15,Player18,0.53,0.25,0.4,0.04
Away,PASS,,1,47434,1897.36,47462,1898.48,Player18,Player21,0.32,0.07,0.39,0.23
Away,PASS,,1,47496,1899.84,47573,1902.92,Player21,Player17,0.39,0.22,0.46,0.75
Away,PASS,,1,47627,1905.08,47695,1907.8,Player17,Player18,0.43,0.73,0.23,0.15
Away,PASS,,1,47755,1910.2,47783,1911.32,Player18,Player15,0.31,0.1,0.42,0.15
Away,PASS,,1,47801,1912.04,47854,1914.16,Player15,Player16,0.41,0.15,0.54,0.41
Away,PASS,,1,47879,1915.16,47919,1916.76,Player16,Player17,0.54,0.43,0.49,0.8
Away,CHALLENGE,GROUND-WON,1,47979,1919.16,47979,1919.16,Player17,,0.48,0.74,,
Away,PASS,,1,47995,1919.8,48023,1920.92,Player17,Player16,0.5,0.72,0.59,0.57
Away,PASS,,1,48061,1922.44,48091,1923.64,Player16,Player15,0.64,0.5,0.64,0.24
Away,PASS,,1,48137,1925.48,48175,1927.0,Player15,Player20,0.67,0.21,0.58,0.34
Away,PASS,,1,48200,1928.0,48239,1929.56,Player20,Player19,0.59,0.29,0.46,0.06
Away,PASS,,1,48239,1929.56,48277,1931.08,Player19,Player18,0.46,0.06,0.35,0.03
Away,BALL LOST,INTERCEPTION,1,48284,1931.36,48287,1931.48,Player18,,0.33,0.03,0.32,0.02
Away,SET PIECE,THROW IN,1,48404,1936.16,48404,1936.16,Player18,,,,,
Away,PASS,,1,48404,1936.16,48439,1937.56,Player18,Player19,0.24,0.0,0.34,0.05
Away,PASS,,1,48478,1939.12,48518,1940.72,Player19,Player21,0.35,0.13,0.17,0.25
Away,BALL LOST,INTERCEPTION,1,48555,1942.2,48555,1942.2,Player21,,0.13,0.23,0.2,0.18
Away,CHALLENGE,GROUND-LOST,1,48721,1948.84,48721,1948.84,Player19,,0.35,0.49,,
Away,CHALLENGE,TACKLE-FAULT-WON,1,48982,1959.28,48982,1959.28,Player22,,0.93,0.85,,
Away,SET PIECE,FREE KICK,1,50493,2019.72,50493,2019.72,Player25,,,,,
Away,BALL OUT,,1,50493,2019.72,50654,2026.16,Player25,,0.98,0.91,0.31,1.02
Away,CHALLENGE,GROUND,1,50616,2024.64,50616,2024.64,Player24,,0.39,0.93,,
Away,CHALLENGE,GROUND-LOST,1,51166,2046.64,51166,2046.64,Player20,,0.51,0.76,,
Away,CHALLENGE,TACKLE-WON,1,51225,2049.0,51225,2049.0,Player20,,0.57,0.87,,
Away,RECOVERY,THEFT,1,51225,2049.0,51225,2049.0,Player20,,0.57,0.87,,
Away,PASS,,1,51225,2049.0,51226,2049.04,Player20,Player19,0.57,0.87,0.55,0.89
Away,BALL OUT,,1,51226,2049.04,51264,2050.56,Player19,,0.55,0.89,0.6,1.01
Away,RECOVERY,INTERCEPTION,1,51732,2069.28,51732,2069.28,Player19,,0.39,0.31,,
Away,CHALLENGE,TACKLE-LOST,1,51757,2070.28,51757,2070.28,Player19,,0.37,0.31,,
Away,BALL LOST,THEFT,1,51757,2070.28,51757,2070.28,Player19,,0.37,0.31,,
Away,CHALLENGE,GROUND-FAULT-LOST,1,52317,2092.68,52317,2092.68,Player24,,0.67,0.24,,
Away,CHALLENGE,AERIAL-LOST,1,53633,2145.32,53633,2145.32,Player18,,0.95,0.51,,
Away,RECOVERY,SAVED,1,53708,2148.32,53708,2148.32,Player17,,0.99,0.55,,
Away,PASS,,1,53708,2148.32,53724,2148.96,Player17,Player18,0.99,0.55,0.94,0.58
Away,BALL LOST,,1,53724,2148.96,53775,2151.0,Player18,,0.94,0.58,0.88,0.73
Away,RECOVERY,BLOCKED,1,53776,2151.04,53776,2151.04,Player22,,0.89,0.7,,
Away,BALL OUT,,1,53776,2151.04,53821,2152.84,Player22,,0.89,0.7,0.77,1.03
Away,CHALLENGE,TACKLE-WON,1,54381,2175.24,54381,2175.24,Player21,,0.69,0.92,,
Away,RECOVERY,THEFT,1,54381,2175.24,54381,2175.24,Player21,,0.69,0.92,,
Away,PASS,,1,54381,2175.24,54411,2176.44,Player21,Player19,0.69,0.92,0.68,0.75
Away,PASS,,1,54476,2179.04,54506,2180.24,Player19,Player23,0.64,0.69,0.52,0.55
Away,CHALLENGE,GROUND-WON,1,54506,2180.24,54506,2180.24,Player23,,0.52,0.55,,
Away,CHALLENGE,GROUND-WON,1,54546,2181.84,54546,2181.84,Player23,,0.53,0.43,,
Away,CHALLENGE,TACKLE-LOST,1,54603,2184.12,54603,2184.12,Player23,,0.54,0.34,,
Away,BALL LOST,THEFT,1,54603,2184.12,54603,2184.12,Player23,,0.54,0.34,,
Away,CHALLENGE,TACKLE-ADVANTAGE-LOST,1,54643,2185.72,54643,2185.72,Player15,,0.59,0.26,,
Away,CHALLENGE,AERIAL-WON,1,55187,2207.48,55187,2207.48,Player16,,0.93,0.55,,
Away,RECOVERY,INTERCEPTION,1,55187,2207.48,55187,2207.48,Player16,,0.93,0.55,,
Away,PASS,,1,55187,2207.48,55258,2210.32,Player16,Player22,0.93,0.55,0.82,0.94
Away,PASS,,1,55332,2213.28,55354,2214.16,Player22,Player17,0.8,0.95,0.9,0.9
Away,BALL LOST,,1,55354,2214.16,55428,2217.12,Player17,,0.9,0.9,0.66,0.87
Away,CHALLENGE,TACKLE-FAULT-LOST,1,55854,2234.16,55854,2234.16,Player17,,0.68,0.8,,
Away,CHALLENGE,GROUND-WON,1,56810,2272.4,56810,2272.4,Player15,,0.93,0.26,,
Away,RECOVERY,INTERCEPTION,1,56810,2272.4,56810,2272.4,Player15,,0.93,0.26,,
Away,BALL OUT,,1,56810,2272.4,56836,2273.44,Player15,,0.93,0.26,1.01,0.23
Away,CHALLENGE,AERIAL-LOST,1,57572,2302.88,57572,2302.88,Player17,,0.96,0.6,,
Away,RECOVERY,INTERCEPTION,1,57606,2304.24,57606,2304.24,Player25,,0.99,0.55,,
Away,PASS,,1,57606,2304.24,57624,2304.96,Player25,Player16,0.99,0.55,0.95,0.69
Away,BALL LOST,,1,57624,2304.96,57669,2306.76,Player16,,0.95,0.69,0.81,0.74
Away,RECOVERY,,1,59053,2362.12,59053,2362.12,Player25,,0.96,0.47,,
Away,BALL LOST,INTERCEPTION,1,59053,2362.12,59144,2365.76,Player25,,0.96,0.47,0.45,0.1
Away,CHALLENGE,AERIAL-LOST,1,59144,2365.76,59144,2365.76,Player18,,0.43,0.11,,
Away,RECOVERY,,1,60792,2431.68,60792,2431.68,Player25,,0.96,0.49,,
Away,PASS,GOAL KICK,1,60792,2431.68,60882,2435.28,Player25,Player18,0.96,0.49,0.44,0.0
Away,PASS,HEAD,1,60882,2435.28,60916,2436.64,Player18,Player17,0.44,0.0,0.54,0.1
Away,PASS,,1,60916,2436.64,60953,2438.12,Player17,Player20,0.54,0.1,0.52,0.27
Away,PASS,,1,60971,2438.84,60994,2439.76,Player20,Player21,0.52,0.28,0.5,0.48
Away,PASS,,1,61019,2440.76,61069,2442.76,Player21,Player22,0.49,0.53,0.45,0.9
Away,BALL LOST,INTERCEPTION,1,61099,2443.96,61129,2445.16,Player22,,0.42,0.92,0.2,0.9
Away,CHALLENGE,GROUND-FAULT-LOST,1,61524,2460.96,61524,2460.96,Player17,,0.72,0.09,,
Away,RECOVERY,INTERCEPTION,1,62711,2508.44,62711,2508.44,Player19,,0.86,0.49,,
Away,BALL LOST,,1,62711,2508.44,62753,2510.12,Player19,,0.86,0.49,0.7,0.44
Away,RECOVERY,,1,63239,2529.56,63239,2529.56,Player25,,0.95,0.45,,
Away,PASS,GOAL KICK,1,63239,2529.56,63287,2531.48,Player25,Player17,0.95,0.45,0.75,0.05
Away,PASS,,1,63333,2533.32,63381,2535.24,Player17,Player18,0.74,0.06,0.51,0.48
Away,CHALLENGE,GROUND-WON,1,63407,2536.28,63407,2536.28,Player18,,0.51,0.47,,
Away,CHALLENGE,GROUND-FAULT-WON,1,63469,2538.76,63469,2538.76,Player18,,0.53,0.35,,
Away,FAULT RECEIVED,,1,63477,2539.08,63477,2539.08,Player18,,0.54,0.33,,
Away,SET PIECE,FREE KICK,1,63718,2548.72,63718,2548.72,Player20,,,,,
Away,PASS,,1,63718,2548.72,63771,2550.84,Player20,Player19,0.57,0.35,0.42,0.14
Away,PASS,,1,63864,2554.56,63897,2555.88,Player19,Player17,0.24,0.17,0.13,0.05
Away,CHALLENGE,TACKLE-LOST,1,63931,2557.24,63931,2557.24,Player17,,0.14,0.12,,
Away,BALL LOST,THEFT,1,63931,2557.24,63931,2557.24,Player17,,0.14,0.12,,
Away,RECOVERY,INTERCEPTION,1,63994,2559.76,63994,2559.76,Player17,,0.15,0.1,,
Away,PASS,,1,63994,2559.76,64061,2562.44,Player17,Player19,0.15,0.1,0.27,0.1
Away,PASS,,1,64061,2562.44,64105,2564.2,Player19,Player15,0.27,0.1,0.49,0.12
Away,PASS,,1,64205,2568.2,64235,2569.4,Player15,Player21,0.48,0.12,0.49,0.25
Away,BALL LOST,INTERCEPTION,1,64294,2571.76,64327,2573.08,Player21,,0.47,0.14,0.26,0.16
Away,RECOVERY,INTERCEPTION,1,64523,2580.92,64523,2580.92,Player22,,0.68,0.64,,
Away,PASS,,1,64567,2582.68,64617,2584.68,Player22,Player25,0.78,0.76,0.96,0.61
Away,PASS,,1,64617,2584.68,64663,2586.52,Player25,Player18,0.96,0.61,0.64,0.88
Away,PASS,,1,64793,2591.72,64848,2593.92,Player18,Player17,0.54,0.62,0.47,0.13
Away,BALL LOST,INTERCEPTION,1,64971,2598.84,65001,2600.04,Player17,,0.32,0.16,0.14,0.25
Away,CHALLENGE,GROUND-LOST,1,65001,2600.04,65001,2600.04,Player19,,0.15,0.3,,
Away,CHALLENGE,GROUND-LOST,1,65414,2616.56,65414,2616.56,Player15,,0.78,0.39,,
Away,RECOVERY,INTERCEPTION,1,65692,2627.68,65692,2627.68,Player22,,0.89,0.84,,
Away,BALL LOST,CLEARANCE,1,65722,2628.88,65819,2632.76,Player22,,0.87,0.82,0.47,0.79
Away,RECOVERY,INTERCEPTION,1,66245,2649.8,66245,2649.8,Player20,,0.54,0.73,,
Away,BALL OUT,,1,66245,2649.8,66305,2652.2,Player20,,0.54,0.73,0.46,1.01
Away,CHALLENGE,GROUND-LOST,1,66750,2670.0,66750,2670.0,Player22,,0.62,0.93,,
Away,SET PIECE,THROW IN,1,66901,2676.04,66901,2676.04,Player22,,,,,
Away,PASS,,1,66901,2676.04,66938,2677.52,Player22,Player20,0.64,1.01,0.6,0.82
Away,PASS,,1,66958,2678.32,67030,2681.2,Player20,Player16,0.61,0.8,0.82,0.7
Away,PASS,,1,67099,2683.96,67129,2685.16,Player16,Player20,0.82,0.63,0.61,0.59
Away,BALL LOST,INTERCEPTION,1,67159,2686.36,67214,2688.56,Player20,,0.59,0.53,0.36,0.09
Away,RECOVERY,SAVED,1,67514,2700.56,67514,2700.56,Player25,,0.99,0.54,,
Away,PASS,,1,67514,2700.56,67552,2702.08,Player25,Player21,0.99,0.54,0.91,0.5
Away,BALL LOST,INTERCEPTION,1,67552,2702.08,67624,2704.96,Player21,,0.91,0.5,0.96,0.8
Away,RECOVERY,INTERCEPTION,1,67675,2707.0,67675,2707.0,Player19,,0.89,0.5,,
Away,BALL LOST,CLEARANCE,1,67675,2707.0,67747,2709.88,Player19,,0.89,0.5,0.54,0.52
Away,CHALLENGE,AERIAL-LOST,1,67751,2710.04,67751,2710.04,Player23,,0.53,0.46,,
Away,RECOVERY,INTERCEPTION,1,68177,2727.08,68177,2727.08,Player20,,0.57,0.56,,
Away,PASS,,1,68200,2728.0,68230,2729.2,Player20,Player21,0.57,0.6,0.5,0.57
Away,PASS,,1,68230,2729.2,68258,2730.32,Player21,Player19,0.5,0.57,0.52,0.42
Away,PASS,,1,68288,2731.52,68301,2732.04,Player19,Player21,0.51,0.43,0.46,0.41
Away,BALL LOST,INTERCEPTION,1,68406,2736.24,68418,2736.72,Player21,,0.45,0.29,0.35,0.37
Away,CHALLENGE,GROUND,1,68920,2756.8,68920,2756.8,Player16,,0.62,0.82,,
Away,RECOVERY,INTERCEPTION,1,68946,2757.84,68946,2757.84,Player16,,0.66,0.84,,
Away,PASS,,1,69007,2760.28,69022,2760.88,Player16,Player20,0.67,0.88,0.59,0.72
Away,BALL LOST,,1,69030,2761.2,69070,2762.8,Player20,,0.59,0.72,0.52,0.75
Away,RECOVERY,INTERCEPTION,1,69269,2770.76,69269,2770.76,Player17,,0.93,0.33,,
Away,PASS,,1,69269,2770.76,69288,2771.52,Player17,Player25,0.93,0.33,0.98,0.47
Away,PASS,,1,69357,2774.28,69397,2775.88,Player25,Player19,0.9,0.52,0.82,0.67
Away,PASS,,1,69495,2779.8,69538,2781.52,Player19,Player24,0.68,0.66,0.51,0.26
Away,PASS,,1,69563,2782.52,69588,2783.52,Player24,Player15,0.53,0.24,0.64,0.35
Away,PASS,,1,69639,2785.56,69661,2786.44,Player15,Player21,0.59,0.42,0.6,0.69
Away,PASS,,1,69687,2787.48,69729,2789.16,Player21,Player18,0.58,0.72,0.42,0.98
Away,BALL OUT,CROSS,1,69898,2795.92,69948,2797.92,Player18,,0.08,0.82,-0.02,0.25
Away,RECOVERY,INTERCEPTION,2,72237,2889.48,72237,2889.48,Player20,,0.38,0.19,,
Away,PASS,,2,72279,2891.16,72307,2892.28,Player20,Player18,0.43,0.25,0.49,0.33
Away,PASS,,2,72315,2892.6,72358,2894.32,Player18,Player22,0.5,0.32,0.62,0.03
Away,PASS,,2,72358,2894.32,72384,2895.36,Player22,Player23,0.62,0.03,0.67,0.2
Away,BALL LOST,INTERCEPTION,2,72415,2896.6,72425,2897.0,Player23,,0.66,0.21,0.66,0.32
Away,RECOVERY,,2,72443,2897.72,72443,2897.72,Player23,,0.67,0.22,,
Away,PASS,,2,72465,2898.6,72483,2899.32,Player23,Player22,0.67,0.19,0.75,0.02
Away,BALL LOST,INTERCEPTION,2,72541,2901.64,72571,2902.84,Player22,,0.7,0.06,0.77,0.23
Away,RECOVERY,,2,72698,2907.92,72698,2907.92,Player16,,0.32,0.17,,
Away,CHALLENGE,TACKLE-WON,2,72730,2909.2,72730,2909.2,Player16,,0.28,0.12,,
Away,PASS,,2,72820,2912.8,72863,2914.52,Player16,Player21,0.3,0.2,0.34,0.33
Away,PASS,,2,72895,2915.8,72948,2917.92,Player21,Player15,0.34,0.38,0.33,0.8
Away,PASS,,2,73040,2921.6,73068,2922.72,Player15,Player17,0.51,0.83,0.64,1.01
Away,PASS,,2,73135,2925.4,73165,2926.6,Player17,Player21,0.65,0.96,0.6,0.75
Away,PASS,,2,73204,2928.16,73234,2929.36,Player21,Player18,0.6,0.69,0.61,0.45
Away,PASS,,2,73312,2932.48,73364,2934.56,Player18,Player22,0.68,0.37,0.79,0.04
Away,BALL LOST,CROSS-INTERCEPTION,2,73401,2936.04,73414,2936.56,Player22,,0.84,0.02,0.87,0.12
Away,SET PIECE,THROW IN,2,73670,2946.8,73670,2946.8,Player22,,,,,
Away,PASS,,2,73670,2946.8,73743,2949.72,Player22,Player20,0.86,-0.01,0.66,0.13
Away,PASS,,2,73770,2950.8,73795,2951.8,Player20,Player21,0.64,0.16,0.69,0.08
Away,BALL LOST,,2,73863,2954.52,73892,2955.68,Player21,,0.73,0.19,0.88,0.27
Away,SET PIECE,THROW IN,2,74130,2965.2,74130,2965.2,Player22,,,,,
Away,PASS,,2,74130,2965.2,74168,2966.72,Player22,Player20,0.71,-0.01,0.54,0.07
Away,PASS,,2,74199,2967.96,74229,2969.16,Player20,Player16,0.52,0.1,0.44,0.34
Away,PASS,,2,74259,2970.36,74309,2972.36,Player16,Player20,0.43,0.35,0.46,0.15
Away,PASS,,2,74373,2974.92,74395,2975.8,Player20,Player21,0.49,0.16,0.51,0.29
Away,PASS,,2,74530,2981.2,74545,2981.8,Player21,Player22,0.61,0.12,0.62,0.02
Away,PASS,,2,74573,2982.92,74603,2984.12,Player22,Player20,0.6,0.02,0.47,0.14
Away,PASS,,2,74638,2985.52,74674,2986.96,Player20,Player18,0.43,0.18,0.51,0.34
Away,PASS,,2,74674,2986.96,74729,2989.16,Player18,Player16,0.51,0.34,0.33,0.41
Away,PASS,,2,74749,2989.96,74774,2990.96,Player16,Player18,0.33,0.41,0.46,0.5
Away,PASS,,2,74853,2994.12,74925,2997.0,Player18,Player15,0.46,0.54,0.44,0.97
Away,PASS,,2,74959,2998.36,74979,2999.16,Player15,Player19,0.48,1.0,0.56,0.87
Away,PASS,,2,74979,2999.16,74998,2999.92,Player19,Player17,0.56,0.87,0.57,1.0
Away,PASS,,2,75022,3000.88,75042,3001.68,Player17,Player19,0.56,0.97,0.52,0.89
Away,PASS,,2,75101,3004.04,75176,3007.04,Player19,Player24,0.54,0.82,0.78,0.7
Away,PASS,,2,75232,3009.28,75262,3010.48,Player23,Player19,0.86,0.68,0.76,0.57
Away,SHOT,ON TARGET-SAVED,2,75262,3010.48,75284,3011.36,Player19,,0.76,0.57,0.99,0.48
Away,RECOVERY,INTERCEPTION,2,76301,3052.04,76301,3052.04,Player20,,0.08,0.15,,
Away,BALL OUT,,2,76301,3052.04,76341,3053.64,Player20,,0.08,0.15,-0.04,0.19
Away,RECOVERY,,2,77510,3100.4,77510,3100.4,Player25,,0.04,0.48,,
Away,BALL LOST,GOAL KICK,2,77582,3103.28,77582,3103.28,Player25,,0.05,0.45,0.44,0.82
Away,RECOVERY,,2,77626,3105.04,77626,3105.04,Player19,,0.41,0.75,,
Away,BALL LOST,,2,77626,3105.04,77728,3109.12,Player19,,0.41,0.75,0.88,0.65
Away,CHALLENGE,TACKLE-FAULT-WON,2,78319,3132.76,78319,3132.76,Player24,,0.49,0.35,,
Away,SET PIECE,FREE KICK,2,78594,3143.76,78594,3143.76,Player21,,,,,
Away,PASS,,2,78594,3143.76,78645,3145.8,Player21,Player20,0.52,0.39,0.5,0.25
Away,PASS,,2,78645,3145.8,78674,3146.96,Player20,Player22,0.5,0.25,0.56,0.12
Away,PASS,,2,78732,3149.28,78770,3150.8,Player22,Player16,0.56,0.15,0.41,0.39
Away,PASS,,2,78797,3151.88,78837,3153.48,Player16,Player15,0.41,0.41,0.45,0.8
Away,PASS,,2,78950,3158.0,79037,3161.48,Player15,Player22,0.53,0.8,0.61,0.1
Away,PASS,,2,79101,3164.04,79111,3164.44,Player22,Player20,0.55,0.13,0.49,0.24
Away,PASS,,2,79209,3168.36,79224,3168.96,Player20,Player21,0.49,0.27,0.53,0.37
Away,PASS,,2,79224,3168.96,79257,3170.28,Player21,Player16,0.53,0.37,0.41,0.44
Away,BALL OUT,,2,79305,3172.2,79395,3175.8,Player16,,0.41,0.47,0.84,1.02
Away,CHALLENGE,AERIAL-WON,2,79781,3191.24,79781,3191.24,Player15,,0.61,0.76,,
Away,RECOVERY,INTERCEPTION,2,79781,3191.24,79781,3191.24,Player15,,0.61,0.76,,
Away,BALL LOST,HEAD,2,79781,3191.24,79829,3193.16,Player15,,0.61,0.76,0.66,0.31
Away,CHALLENGE,TACKLE-LOST,2,80090,3203.6,80090,3203.6,Player19,,0.75,0.17,,
Away,RECOVERY,INTERCEPTION,2,80433,3217.32,80433,3217.32,Player16,,0.12,0.42,,
Away,BALL LOST,,2,80433,3217.32,80491,3219.64,Player16,,0.12,0.42,0.38,0.28
Away,RECOVERY,INTERCEPTION,2,81575,3263.0,81575,3263.0,Player15,,0.11,0.45,,
Away,BALL OUT,CLEARANCE,2,81575,3263.0,81595,3263.8,Player15,,0.11,0.45,-0.02,0.43
Away,CHALLENGE,AERIAL-FAULT-WON,2,82522,3300.88,82522,3300.88,Player17,,0.07,0.63,,
Away,SET PIECE,FREE KICK,2,82880,3315.2,82880,3315.2,Player25,,,,,
Away,PASS,,2,82880,3315.2,82908,3316.32,Player25,Player15,0.1,0.67,0.18,0.82
Away,PASS,,2,82955,3318.2,83000,3320.0,Player15,Player16,0.19,0.79,0.18,0.52
Away,PASS,,2,83000,3320.0,83041,3321.64,Player16,Player15,0.18,0.52,0.22,0.8
Away,PASS,,2,83041,3321.64,83070,3322.8,Player15,Player21,0.22,0.8,0.3,0.76
Away,PASS,,2,83174,3326.96,83189,3327.56,Player21,Player23,0.44,0.79,0.55,0.69
Away,PASS,,2,83215,3328.6,83233,3329.32,Player23,Player19,0.57,0.69,0.61,0.82
Away,CHALLENGE,TACKLE-WON,2,83262,3330.48,83262,3330.48,Player19,,0.64,0.82,,
Away,PASS,,2,83306,3332.24,83328,3333.12,Player19,Player21,0.65,0.82,0.58,0.77
Away,PASS,,2,83425,3337.0,83455,3338.2,Player21,Player18,0.65,0.54,0.64,0.32
Away,PASS,,2,83485,3339.4,83510,3340.4,Player18,Player22,0.66,0.27,0.72,0.06
Away,PASS,,2,83575,3343.0,83600,3344.0,Player22,Player21,0.71,0.15,0.66,0.23
Away,PASS,,2,83684,3347.36,83704,3348.16,Player21,Player20,0.64,0.25,0.54,0.25
Away,PASS,,2,83733,3349.32,83768,3350.72,Player20,Player16,0.5,0.24,0.46,0.46
Away,PASS,,2,83823,3352.92,83845,3353.8,Player16,Player24,0.51,0.48,0.67,0.44
Away,PASS,,2,83862,3354.48,83882,3355.28,Player24,Player19,0.68,0.47,0.67,0.64
Away,PASS,,2,83901,3356.04,83951,3358.04,Player19,Player17,0.67,0.64,0.85,0.95
Away,BALL LOST,CROSS-INTERCEPTION,2,83951,3358.04,83982,3359.28,Player17,,0.85,0.95,0.91,0.61
Away,CHALLENGE,AERIAL-LOST,2,83982,3359.28,83982,3359.28,Player24,,0.91,0.58,,
Away,CHALLENGE,AERIAL-FAULT-LOST,2,84050,3362.0,84050,3362.0,Player19,,0.76,0.77,,
Away,CHALLENGE,TACKLE-WON,2,84920,3396.8,84920,3396.8,Player18,,0.62,0.04,,
Away,RECOVERY,THEFT,2,84920,3396.8,84920,3396.8,Player18,,0.62,0.04,,
Away,BALL OUT,,2,84920,3396.8,84942,3397.68,Player18,,0.62,0.04,0.62,-0.03
Away,RECOVERY,INTERCEPTION,2,86030,3441.2,86030,3441.2,Player16,,0.4,0.29,,
Away,BALL LOST,,2,86030,3441.2,86060,3442.4,Player16,,0.4,0.29,0.56,0.28
Away,RECOVERY,,2,86091,3443.64,86091,3443.64,Player22,,0.54,0.13,,
Away,PASS,,2,86091,3443.64,86110,3444.4,Player22,Player21,0.54,0.13,0.53,0.24
Away,PASS,,2,86216,3448.64,86266,3450.64,Player21,Player17,0.59,0.44,0.67,0.93
Away,PASS,,2,86306,3452.24,86354,3454.16,Player17,Player21,0.69,0.95,0.63,0.61
Away,PASS,,2,86488,3459.52,86523,3460.92,Player21,Player22,0.68,0.3,0.75,0.05
Away,PASS,,2,86631,3465.24,86648,3465.92,Player22,Player21,0.75,0.11,0.71,0.25
Away,PASS,,2,86703,3468.12,86776,3471.04,Player21,Player17,0.69,0.32,0.83,0.95
Away,BALL LOST,CROSS-INTERCEPTION,2,86808,3472.32,86843,3473.72,Player17,,0.84,0.96,0.95,0.65
Away,SET PIECE,CORNER KICK,2,87411,3496.44,87411,3496.44,Player19,,,,,
Away,BALL LOST,INTERCEPTION,2,87411,3496.44,87470,3498.8,Player19,,0.96,0.97,0.98,0.48
Away,CHALLENGE,GROUND-FAULT-LOST,2,88886,3555.44,88886,3555.44,Player24,,0.55,0.57,,
Away,RECOVERY,INTERCEPTION,2,89832,3593.28,89832,3593.28,Player16,,0.08,0.45,,
Away,BALL LOST,HEAD-CLEARANCE,2,89832,3593.28,89871,3594.84,Player16,,0.08,0.45,0.16,0.18
Away,SET PIECE,KICK OFF,2,91705,3668.2,91705,3668.2,Player19,,,,,
Away,PASS,,2,91705,3668.2,91731,3669.24,Player19,Player21,0.5,0.51,0.42,0.48
Away,PASS,,2,91815,3672.6,91857,3674.28,Player21,Player17,0.46,0.56,0.51,0.95
Away,PASS,,2,91885,3675.4,91908,3676.32,Player17,Player15,0.48,0.93,0.37,0.84
Away,BALL LOST,INTERCEPTION,2,91908,3676.32,91958,3678.32,Player15,,0.37,0.84,0.48,0.44
Away,CHALLENGE,TACKLE-LOST,2,92073,3682.92,92073,3682.92,Player15,,0.12,0.78,,
Away,RECOVERY,,2,92578,3703.12,92578,3703.12,Player25,,0.05,0.52,,
Away,PASS,GOAL KICK,2,92578,3703.12,92648,3705.92,Player25,Player19,0.05,0.52,0.49,0.81
Away,BALL LOST,,2,92648,3705.92,92677,3707.08,Player19,,0.49,0.81,0.55,0.89
Away,RECOVERY,INTERCEPTION,2,92686,3707.44,92686,3707.44,Player19,,0.51,0.9,,
Away,BALL LOST,INTERCEPTION,2,92703,3708.12,92707,3708.28,Player19,,0.52,0.94,0.57,0.88
Away,RECOVERY,,2,92749,3709.96,92749,3709.96,Player17,,0.49,0.94,,
Away,BALL LOST,INTERCEPTION,2,92749,3709.96,92823,3712.92,Player17,,0.49,0.94,0.86,0.83
Away,CHALLENGE,GROUND-LOST,2,92823,3712.92,92823,3712.92,Player24,,0.84,0.85,,
Away,CHALLENGE,TACKLE-FAULT-LOST,2,92839,3713.56,92839,3713.56,Player24,,0.88,0.83,,
Away,CHALLENGE,AERIAL-WON,2,93672,3746.88,93672,3746.88,Player16,,0.34,0.55,,
Away,RECOVERY,INTERCEPTION,2,93672,3746.88,93672,3746.88,Player16,,0.34,0.55,,
Away,BALL LOST,HEAD,2,93672,3746.88,93719,3748.76,Player16,,0.34,0.55,0.41,0.6
Away,RECOVERY,,2,93839,3753.56,93839,3753.56,Player25,,0.06,0.45,,
Away,PASS,,2,93896,3755.84,93951,3758.04,Player25,Player19,0.1,0.42,0.36,0.8
Away,PASS,,2,94130,3765.2,94160,3766.4,Player19,Player17,0.6,0.86,0.53,0.94
Away,PASS,,2,94177,3767.08,94215,3768.6,Player17,Player19,0.53,0.94,0.64,0.97
Away,PASS,,2,94350,3774.0,94373,3774.92,Player19,Player21,0.63,0.94,0.61,0.73
Away,PASS,,2,94391,3775.64,94434,3777.36,Player21,Player16,0.61,0.71,0.5,0.51
Away,PASS,,2,94502,3780.08,94524,3780.96,Player16,Player20,0.56,0.42,0.57,0.26
Away,PASS,,2,94578,3783.12,94623,3784.92,Player20,Player22,0.64,0.23,0.77,0.05
Away,PASS,,2,94752,3790.08,94770,3790.8,Player22,Player21,0.77,0.13,0.7,0.16
Away,PASS,,2,94811,3792.44,94839,3793.56,Player21,Player18,0.7,0.16,0.81,0.04
Away,BALL LOST,CROSS-INTERCEPTION,2,94890,3795.6,94935,3797.4,Player18,,0.81,0.06,0.91,0.41
Away,RECOVERY,,2,95151,3806.04,95151,3806.04,Player21,,0.45,0.01,,
Away,PASS,,2,95165,3806.6,95247,3809.88,Player21,Player25,0.41,0.01,0.18,0.28
Away,PASS,,2,95264,3810.56,95301,3812.04,Player25,Player21,0.19,0.28,0.3,0.07
Away,PASS,,2,95421,3816.84,95464,3818.56,Player21,Player23,0.33,0.16,0.45,0.39
Away,PASS,,2,95464,3818.56,95597,3823.88,Player23,Player15,0.45,0.39,0.16,0.97
Away,PASS,,2,95597,3823.88,95617,3824.68,Player15,Player17,0.16,0.97,0.23,1.0
Away,PASS,,2,95617,3824.68,95672,3826.88,Player17,Player16,0.23,1.0,0.17,0.79
Away,PASS,,2,95772,3830.88,95804,3832.16,Player16,Player21,0.26,0.65,0.41,0.39
Away,PASS,,2,95856,3834.24,95904,3836.16,Player21,Player22,0.45,0.33,0.63,0.08
Away,BALL LOST,INTERCEPTION,2,95940,3837.6,95972,3838.88,Player22,,0.7,0.11,0.9,0.42
Away,CHALLENGE,TACKLE-LOST,2,95972,3838.88,95972,3838.88,Player23,,0.9,0.38,,
Away,SET PIECE,THROW IN,2,96359,3854.36,96359,3854.36,Player22,,,,,
Away,PASS,,2,96359,3854.36,96415,3856.6,Player22,Player19,0.67,-0.02,0.6,0.25
Away,CHALLENGE,GROUND-FAULT-WON,2,96433,3857.32,96433,3857.32,Player19,,0.6,0.27,,
Away,FAULT RECEIVED,,2,96433,3857.32,96433,3857.32,Player19,,0.6,0.27,,
Away,SET PIECE,FREE KICK,2,97234,3889.36,97234,3889.36,Player19,,,,,
Away,BALL OUT,,2,97234,3889.36,97318,3892.72,Player19,,0.61,0.27,1.01,0.65
Away,CHALLENGE,AERIAL-WON,2,98140,3925.6,98140,3925.6,Player15,,0.37,0.62,,
Away,RECOVERY,INTERCEPTION,2,98140,3925.6,98140,3925.6,Player15,,0.37,0.62,,
Away,PASS,HEAD,2,98140,3925.6,98198,3927.92,Player15,Player24,0.37,0.62,0.57,0.61
Away,CHALLENGE,AERIAL-FAULT-LOST,2,98198,3927.92,98198,3927.92,Player24,,0.57,0.61,,
Away,BALL LOST,,2,98198,3927.92,98198,3927.92,Player24,,0.57,0.61,,
Away,RECOVERY,INTERCEPTION,2,98800,3952.0,98800,3952.0,Player25,,0.0,0.44,,
Away,BALL LOST,,2,98800,3952.0,98861,3954.44,Player25,,0.0,0.44,0.09,0.66
Away,RECOVERY,SAVED,2,99012,3960.48,99012,3960.48,Player25,,0.02,0.48,,
Away,BALL LOST,WOODWORK,2,99012,3960.48,99014,3960.56,Player25,,0.02,0.48,0.0,0.45
Away,SET PIECE,KICK OFF,2,100653,4026.12,100653,4026.12,Player19,,,,,
Away,PASS,,2,100653,4026.12,100675,4027.0,Player19,Player21,0.5,0.51,0.42,0.47
Away,PASS,,2,100798,4031.92,100833,4033.32,Player21,Player22,0.57,0.27,0.61,0.06
Away,PASS,,2,100847,4033.88,100877,4035.08,Player22,Player20,0.61,0.05,0.5,0.2
Away,PASS,,2,100892,4035.68,100919,4036.76,Player20,Player16,0.49,0.21,0.43,0.44
Away,PASS,,2,100965,4038.6,101002,4040.08,Player16,Player15,0.44,0.5,0.45,0.79
Away,BALL LOST,INTERCEPTION,2,101098,4043.92,101133,4045.32,Player15,,0.56,0.8,0.8,0.54
Away,RECOVERY,,2,101193,4047.72,101193,4047.72,Player16,,0.42,0.67,,
Away,PASS,,2,101228,4049.12,101276,4051.04,Player16,Player25,0.38,0.7,0.15,0.52
Away,PASS,,2,101352,4054.08,101390,4055.6,Player25,Player20,0.19,0.51,0.35,0.24
Away,PASS,,2,101419,4056.76,101454,4058.16,Player20,Player22,0.37,0.23,0.56,0.07
Away,PASS,,2,101490,4059.6,101522,4060.88,Player22,Player23,0.57,0.06,0.71,0.31
Away,CHALLENGE,TACKLE-FAULT-WON,2,101534,4061.36,101534,4061.36,Player23,,0.71,0.3,,
Away,FAULT RECEIVED,,2,101534,4061.36,101534,4061.36,Player23,,0.71,0.3,,
Away,SET PIECE,FREE KICK,2,102523,4100.92,102523,4100.92,Player21,,,,,
Away,BALL LOST,INTERCEPTION,2,102523,4100.92,102563,4102.52,Player21,,0.7,0.27,0.99,0.5
Away,RECOVERY,INTERCEPTION,2,102953,4118.12,102953,4118.12,Player16,,0.13,0.46,,
Away,PASS,CLEARANCE,2,102953,4118.12,102975,4119.0,Player16,Player21,0.13,0.46,0.15,0.3
Away,PASS,,2,102995,4119.8,103025,4121.0,Player21,Player16,0.14,0.3,0.06,0.4
Away,PASS,,2,103025,4121.0,103053,4122.12,Player16,Player21,0.06,0.4,0.16,0.34
Away,PASS,,2,103080,4123.2,103115,4124.6,Player21,Player22,0.16,0.33,0.09,0.2
Away,BALL LOST,INTERCEPTION,2,103169,4126.76,103212,4128.48,Player22,,0.11,0.12,0.33,0.06
Away,CHALLENGE,TACKLE-FAULT-LOST,2,103261,4130.44,103261,4130.44,Player21,,0.27,0.09,,
Away,RECOVERY,INTERCEPTION,2,103917,4156.68,103917,4156.68,Player15,,0.16,0.71,,
Away,PASS,,2,103917,4156.68,103957,4158.28,Player15,Player17,0.16,0.71,0.12,0.74
Away,BALL LOST,CLEARANCE,2,103957,4158.28,104003,4160.12,Player17,,0.12,0.74,0.22,0.89
Away,RECOVERY,INTERCEPTION,2,104072,4162.88,104072,4162.88,Player23,,0.33,0.58,,
Away,CHALLENGE,TACKLE-ADVANTAGE-WON,2,104086,4163.44,104086,4163.44,Player23,,0.36,0.58,,
Away,BALL LOST,INTERCEPTION,2,104247,4169.88,104252,4170.08,Player23,,0.77,0.67,0.81,0.66
Away,CHALLENGE,TACKLE-LOST,2,105545,4221.8,105545,4221.8,Player22,,0.69,0.08,,
Away,RECOVERY,INTERCEPTION,2,105645,4225.8,105645,4225.8,Player22,,0.53,0.18,,
Away,PASS,,2,105645,4225.8,105675,4227.0,Player22,Player16,0.53,0.18,0.39,0.28
Away,BALL LOST,INTERCEPTION,2,105736,4229.44,105791,4231.64,Player16,,0.43,0.36,0.75,0.47
Away,CHALLENGE,TACKLE-LOST,2,105842,4233.68,105842,4233.68,Player18,,0.74,0.3,,
Away,CHALLENGE,TACKLE-FAULT-LOST,2,106036,4241.44,106036,4241.44,Player19,,0.67,0.41,,
Away,CHALLENGE,TACKLE-WON,2,107708,4308.32,107708,4308.32,Player16,,0.15,0.13,,
Away,RECOVERY,INTERCEPTION,2,107708,4308.32,107708,4308.32,Player16,,0.15,0.13,,
Away,PASS,,2,107752,4310.08,107777,4311.08,Player16,Player15,0.11,0.19,0.08,0.33
Away,PASS,,2,107787,4311.48,107802,4312.08,Player15,Player16,0.07,0.32,0.12,0.24
Away,BALL LOST,INTERCEPTION,2,107805,4312.2,107830,4313.2,Player16,,0.13,0.24,0.41,0.18
Away,RECOVERY,INTERCEPTION,2,107849,4313.96,107849,4313.96,Player27,,0.33,0.14,,
Away,BALL LOST,INTERCEPTION,2,107890,4315.6,107917,4316.68,Player27,,0.35,0.02,0.55,0.26
Away,CHALLENGE,TACKLE-WON,2,108227,4329.08,108227,4329.08,Player20,,0.52,0.1,,
Away,RECOVERY,THEFT,2,108227,4329.08,108227,4329.08,Player20,,0.52,0.1,,
Away,PASS,,2,108232,4329.28,108239,4329.56,Player20,Player27,0.52,0.08,0.59,0.05
Away,PASS,,2,108253,4330.12,108268,4330.72,Player27,Player20,0.58,0.06,0.54,0.07
Away,PASS,,2,108326,4333.04,108361,4334.44,Player20,Player19,0.6,0.11,0.54,0.2
Away,PASS,,2,108488,4339.52,108511,4340.44,Player19,Player27,0.73,0.33,0.82,0.12
Away,SHOT,ON TARGET-SAVED,2,108611,4344.44,108628,4345.12,Player27,,0.92,0.28,0.99,0.51
Away,CHALLENGE,TACKLE-WON,2,109083,4363.32,109083,4363.32,Player19,,0.19,0.45,,
Away,RECOVERY,THEFT,2,109083,4363.32,109083,4363.32,Player19,,0.19,0.45,,
Away,PASS,,2,109085,4363.4,109112,4364.48,Player19,Player20,0.19,0.45,0.23,0.36
Away,PASS,,2,109124,4364.96,109167,4366.68,Player20,Player21,0.22,0.35,0.24,0.26
Away,PASS,,2,109194,4367.76,109222,4368.88,Player21,Player19,0.24,0.25,0.25,0.44
Away,PASS,,2,109284,4371.36,109324,4372.96,Player19,Player18,0.32,0.48,0.43,0.74
Away,PASS,,2,109337,4373.48,109367,4374.68,Player18,Player17,0.44,0.78,0.39,0.84
Away,PASS,,2,109377,4375.08,109405,4376.2,Player17,Player19,0.39,0.83,0.43,0.61
Away,PASS,,2,109502,4380.08,109535,4381.4,Player19,Player21,0.53,0.59,0.5,0.34
Away,PASS,,2,109590,4383.6,109635,4385.4,Player21,Player27,0.56,0.28,0.72,0.02
Away,PASS,,2,109775,4391.0,109797,4391.88,Player27,Player19,0.81,0.25,0.72,0.47
Away,CHALLENGE,TACKLE-LOST,2,109813,4392.52,109813,4392.52,Player19,,0.73,0.48,,
Away,BALL LOST,THEFT,2,109813,4392.52,109818,4392.72,Player19,,0.73,0.48,0.73,0.49
Away,CHALLENGE,TACKLE-LOST,2,109858,4394.32,109858,4394.32,Player17,,0.69,0.66,,
Away,CHALLENGE,TACKLE-FAULT-LOST,2,110010,4400.4,110010,4400.4,Player19,,0.5,0.65,,
Away,CHALLENGE,AERIAL-WON,2,113447,4537.88,113447,4537.88,Player20,,0.48,0.33,,
Away,RECOVERY,INTERCEPTION,2,113447,4537.88,113447,4537.88,Player20,,0.48,0.33,,
Away,PASS,HEAD,2,113452,4538.08,113494,4539.76,Player20,Player21,0.48,0.32,0.51,0.41
Away,PASS,,2,113498,4539.92,113541,4541.64,Player21,Player15,0.51,0.41,0.36,0.57
Away,PASS,,2,113568,4542.72,113588,4543.52,Player15,Player16,0.35,0.59,0.34,0.4
Away,PASS,,2,113631,4545.24,113673,4546.92,Player16,Player27,0.35,0.36,0.54,0.03
Away,PASS,,2,113726,4549.04,113751,4550.04,Player27,Player21,0.57,0.03,0.51,0.28
Away,BALL LOST,INTERCEPTION,2,113816,4552.64,113858,4554.32,Player21,,0.57,0.33,0.82,0.36
Away,RECOVERY,INTERCEPTION,2,113953,4558.12,113953,4558.12,Player17,,0.66,0.89,,
Away,PASS,,2,113957,4558.28,114002,4560.08,Player17,Player26,0.66,0.88,0.81,0.89
Away,BALL LOST,INTERCEPTION,2,114107,4564.28,114119,4564.76,Player26,,0.95,0.78,0.98,0.75
Away,SET PIECE,CORNER KICK,2,114591,4583.64,114591,4583.64,Player19,,,,,
Away,BALL LOST,INTERCEPTION,2,114640,4585.6,114640,4585.6,Player19,,0.93,0.93,0.98,0.59
Away,CHALLENGE,AERIAL-WON,2,114770,4590.8,114770,4590.8,Player27,,0.74,0.47,,
Away,RECOVERY,INTERCEPTION,2,114770,4590.8,114770,4590.8,Player27,,0.74,0.47,,
Away,PASS,,2,114777,4591.08,114819,4592.76,Player27,Player21,0.74,0.47,0.6,0.52
Away,PASS,,2,114858,4594.32,114923,4596.92,Player21,Player19,0.58,0.53,0.69,0.93
Away,BALL LOST,INTERCEPTION,2,114951,4598.04,115020,4600.8,Player19,,0.66,0.91,0.93,0.57
Away,RECOVERY,INTERCEPTION,2,115046,4601.84,115046,4601.84,Player18,,0.81,0.7,,
Away,BALL LOST,INTERCEPTION,2,115127,4605.08,115142,4605.68,Player18,,0.86,0.85,0.92,0.52
Away,RECOVERY,INTERCEPTION,2,115180,4607.2,115180,4607.2,Player23,,0.86,0.25,,
Away,PASS,,2,115258,4610.32,115273,4610.92,Player23,Player19,0.81,0.2,0.74,0.43
Away,BALL LOST,INTERCEPTION,2,115306,4612.24,115396,4615.84,Player19,,0.74,0.38,0.99,0.65
Away,RECOVERY,INTERCEPTION,2,115892,4635.68,115892,4635.68,Player15,,0.34,0.73,,
Away,PASS,,2,115921,4636.84,115928,4637.12,Player15,Player17,0.32,0.72,0.35,0.73
Away,CHALLENGE,TACKLE-LOST,2,115997,4639.88,115997,4639.88,Player17,,0.39,0.87,,
Away,BALL LOST,THEFT,2,115997,4639.88,115997,4639.88,Player17,,0.39,0.87,0.34,0.94
Away,RECOVERY,INTERCEPTION,2,116412,4656.48,116412,4656.48,Player18,,0.32,0.53,,
Away,PASS,,2,116465,4658.6,116482,4659.28,Player18,Player26,0.38,0.6,0.5,0.42
Away,CHALLENGE,TACKLE-LOST,2,116614,4664.56,116614,4664.56,Player26,,0.76,0.51,,
Away,BALL LOST,THEFT,2,116614,4664.56,116614,4664.56,Player26,,0.76,0.51,0.76,0.46
Away,RECOVERY,INTERCEPTION,2,118238,4729.52,118238,4729.52,Player15,,0.15,0.65,,
Away,BALL LOST,INTERCEPTION,2,118242,4729.68,118274,4730.96,Player15,,0.15,0.65,0.23,0.64
Away,CHALLENGE,TACKLE-WON,2,118532,4741.28,118532,4741.28,Player26,,0.37,0.92,,
Away,RECOVERY,INTERCEPTION,2,118532,4741.28,118532,4741.28,Player26,,0.37,0.92,,
Away,BALL LOST,INTERCEPTION,2,118593,4743.72,118628,4745.12,Player26,,0.38,0.98,0.46,0.85
Away,RECOVERY,,2,118960,4758.4,118960,4758.4,Player25,,0.01,0.44,,
Away,PASS,GOAL KICK,2,119733,4789.32,119768,4790.72,Player25,Player15,0.04,0.5,0.1,0.83
Away,PASS,,2,119810,4792.4,119842,4793.68,Player15,Player21,0.12,0.82,0.27,0.73
Away,PASS,,2,119860,4794.4,119885,4795.4,Player21,Player17,0.28,0.76,0.37,1.0
Away,PASS,,2,119902,4796.08,119935,4797.4,Player17,Player21,0.37,0.98,0.37,0.79
Away,PASS,,2,120002,4800.08,120027,4801.08,Player21,Player16,0.42,0.64,0.32,0.49
Away,PASS,,2,120073,4802.92,120108,4804.32,Player16,Player27,0.36,0.39,0.56,0.06
Away,BALL OUT,,2,120199,4807.96,120307,4812.28,Player27,,0.59,0.38,1.02,0.9
Away,RECOVERY,INTERCEPTION,2,121799,4871.96,121799,4871.96,Player18,,0.44,0.7,,
Away,BALL LOST,INTERCEPTION,2,121802,4872.08,121892,4875.68,Player18,,0.44,0.7,0.76,0.47
Away,CHALLENGE,AERIAL-WON,2,122063,4882.52,122063,4882.52,Player15,,0.43,0.63,,
Away,RECOVERY,INTERCEPTION,2,122063,4882.52,122063,4882.52,Player15,,0.43,0.63,,
Away,BALL LOST,INTERCEPTION,2,122067,4882.68,122144,4885.76,Player15,,0.44,0.63,0.48,0.44
Away,CHALLENGE,AERIAL-LOST,2,122144,4885.76,122144,4885.76,Player28,,0.47,0.46,,
Away,RECOVERY,,2,122927,4917.08,122927,4917.08,Player25,,0.01,0.56,,
Away,PASS,GOAL KICK,2,123070,4922.8,123122,4924.88,Player25,Player17,0.04,0.59,0.33,0.89
Away,BALL LOST,INTERCEPTION,2,123136,4925.44,123148,4925.92,Player17,,0.35,0.88,0.37,0.87
Away,CHALLENGE,TACKLE-WON,2,123213,4928.52,123213,4928.52,Player17,,0.36,0.99,,
Away,RECOVERY,INTERCEPTION,2,123213,4928.52,123213,4928.52,Player17,,0.36,0.99,,
Away,BALL OUT,,2,123216,4928.64,123224,4928.96,Player17,,0.36,0.99,0.31,1.03
Away,RECOVERY,INTERCEPTION,2,123920,4956.8,123920,4956.8,Player16,,0.36,0.37,,
Away,PASS,,2,124005,4960.2,124045,4961.8,Player16,Player25,0.15,0.25,0.01,0.32
Away,BALL LOST,INTERCEPTION,2,124051,4962.04,124146,4965.84,Player25,,0.01,0.32,0.45,0.43
Away,RECOVERY,INTERCEPTION,2,124197,4967.88,124197,4967.88,Player15,,0.31,0.51,,
Away,PASS,,2,124219,4968.76,124259,4970.36,Player15,Player17,0.32,0.53,0.27,0.78
Away,PASS,,2,124324,4972.96,124356,4974.24,Player17,Player16,0.23,0.75,0.26,0.52
Away,PASS,,2,124396,4975.84,124451,4978.04,Player16,Player27,0.27,0.51,0.5,0.07
Away,PASS,,2,124504,4980.16,124514,4980.56,Player27,Player28,0.55,0.07,0.59,0.22
Away,PASS,,2,124536,4981.44,124614,4984.56,Player28,Player27,0.6,0.21,0.81,0.04
Away,PASS,,2,124721,4988.84,124751,4990.04,Player27,Player23,0.94,0.3,0.85,0.42
Away,SHOT,OFF TARGET-OUT,2,124755,4990.2,124775,4991.0,Player23,,0.85,0.41,1.03,0.42
Away,RECOVERY,,2,124868,4994.72,124868,4994.72,Player25,,0.19,0.49,,
Away,BALL LOST,GOAL KICK,2,125622,5024.88,125686,5027.44,Player25,,0.11,0.43,0.37,0.13
Away,RECOVERY,INTERCEPTION,2,125691,5027.64,125691,5027.64,Player21,,0.37,0.1,,
Away,CHALLENGE,TACKLE-LOST,2,125792,5031.68,125792,5031.68,Player21,,0.47,0.05,,
Away,BALL LOST,THEFT,2,125792,5031.68,125792,5031.68,Player21,,0.47,0.05,0.45,0.06
Away,CHALLENGE,TACKLE-FAULT-LOST,2,125923,5036.92,125923,5036.92,Player26,,0.58,0.36,,
Away,CARD,YELLOW,2,125953,5038.12,125953,5038.12,Player26,,,,,
Away,RECOVERY,INTERCEPTION,2,127105,5084.2,127105,5084.2,Player27,,0.46,0.27,,
Away,PASS,,2,127189,5087.56,127211,5088.44,Player27,Player28,0.62,0.24,0.69,0.07
Away,PASS,,2,127385,5095.4,127392,5095.68,Player28,Player27,0.86,0.11,0.84,0.02
Away,PASS,,2,127398,5095.92,127423,5096.92,Player27,Player21,0.83,0.02,0.71,0.19
Away,PASS,,2,127508,5100.32,127525,5101.0,Player21,Player17,0.73,0.22,0.82,0.28
Away,CHALLENGE,TACKLE-LOST,2,127570,5102.8,127570,5102.8,Player17,,0.85,0.35,,
Away,BALL LOST,THEFT,2,127570,5102.8,127570,5102.8,Player17,,0.85,0.35,0.82,0.36
Away,CHALLENGE,TACKLE-WON,2,127678,5107.12,127678,5107.12,Player26,,0.57,0.42,,
Away,RECOVERY,THEFT,2,127678,5107.12,127678,5107.12,Player26,,0.57,0.42,,
Away,PASS,,2,127812,5112.48,127833,5113.32,Player26,Player17,0.71,0.36,0.74,0.49
Away,BALL LOST,INTERCEPTION,2,127839,5113.56,127879,5115.16,Player17,,0.74,0.5,0.85,0.57
Away,CHALLENGE,TACKLE-WON,2,128335,5133.4,128335,5133.4,Player27,,0.19,0.5,,
Away,RECOVERY,THEFT,2,128335,5133.4,128335,5133.4,Player27,,0.19,0.5,,
Away,CHALLENGE,TACKLE-FAULT-WON,2,128349,5133.96,128349,5133.96,Player27,,0.21,0.54,,
Away,FAULT RECEIVED,,2,128349,5133.96,128349,5133.96,Player27,,0.21,0.54,,
Away,SET PIECE,FREE KICK,2,129228,5169.12,129228,5169.12,Player16,,,,,
Away,PASS,,2,129235,5169.4,129272,5170.88,Player16,Player21,0.28,0.57,0.39,0.82
Away,PASS,,2,129377,5175.08,129405,5176.2,Player21,Player17,0.48,0.87,0.52,1.0
Away,PASS,,2,129412,5176.48,129442,5177.68,Player17,Player15,0.52,1.0,0.36,0.84
Away,PASS,,2,129593,5183.72,129608,5184.32,Player15,Player21,0.4,0.85,0.5,0.82
Away,PASS,,2,129618,5184.72,129630,5185.2,Player21,Player17,0.51,0.83,0.52,1.0
Away,PASS,,2,129678,5187.12,129705,5188.2,Player17,Player18,0.57,0.98,0.73,0.79
Away,PASS,,2,129722,5188.88,129730,5189.2,Player18,Player28,0.74,0.78,0.75,0.84
Away,BALL LOST,INTERCEPTION,2,129764,5190.56,129786,5191.44,Player28,,0.81,0.75,0.85,0.63
Away,RECOVERY,INTERCEPTION,2,129862,5194.48,129862,5194.48,Player17,,0.6,0.88,,
Away,PASS,,2,129869,5194.76,129911,5196.44,Player17,Player16,0.59,0.87,0.53,0.67
Away,PASS,,2,129916,5196.64,129948,5197.92,Player16,Player21,0.53,0.68,0.61,0.73
Away,PASS,,2,129973,5198.92,130043,5201.72,Player21,Player27,0.63,0.71,0.79,0.16
Away,PASS,,2,130177,5207.08,130202,5208.08,Player27,Player23,0.88,0.32,0.84,0.43
Away,PASS,,2,130208,5208.32,130233,5209.32,Player23,Player21,0.84,0.42,0.75,0.44
Away,PASS,,2,130265,5210.6,130285,5211.4,Player21,Player17,0.75,0.47,0.76,0.78
Away,BALL LOST,INTERCEPTION,2,130330,5213.2,130363,5214.52,Player17,,0.84,0.79,0.98,0.49
Away,RECOVERY,INTERCEPTION,2,131557,5262.28,131557,5262.28,Player15,,0.2,0.57,,
Away,BALL LOST,INTERCEPTION,2,131562,5262.48,131651,5266.04,Player15,,0.2,0.57,0.43,0.37
Away,CHALLENGE,AERIAL-LOST,2,131651,5266.04,131651,5266.04,Player26,,0.43,0.4,,
Away,CHALLENGE,AERIAL-WON,2,132728,5309.12,132728,5309.12,Player17,,0.07,0.58,,
Away,RECOVERY,INTERCEPTION,2,132728,5309.12,132728,5309.12,Player17,,0.07,0.58,,
Away,PASS,HEAD,2,132732,5309.28,132775,5311.0,Player17,Player28,0.07,0.58,0.15,0.5
Away,CHALLENGE,TACKLE-FAULT-WON,2,132875,5315.0,132875,5315.0,Player28,,0.31,0.69,,
Away,FAULT RECEIVED,,2,132875,5315.0,132875,5315.0,Player28,,0.31,0.69,,
Away,SET PIECE,FREE KICK,2,133238,5329.52,133238,5329.52,Player16,,,,,
Away,PASS,,2,133242,5329.68,133264,5330.56,Player16,Player21,0.31,0.61,0.35,0.43
Away,PASS,,2,133317,5332.68,133359,5334.36,Player21,Player27,0.39,0.37,0.56,0.05
Away,PASS,,2,133403,5336.12,133428,5337.12,Player27,Player21,0.57,0.04,0.49,0.21
Away,PASS,,2,133495,5339.8,133525,5341.0,Player21,Player28,0.53,0.27,0.55,0.5
Away,PASS,,2,133625,5345.0,133678,5347.12,Player28,Player27,0.62,0.59,0.84,0.09
Away,PASS,,2,133782,5351.28,133825,5353.0,Player27,Player21,0.83,0.02,0.69,0.22
Away,PASS,,2,133892,5355.68,133954,5358.16,Player21,Player17,0.71,0.24,0.83,0.8
Away,PASS,,2,134012,5360.48,134020,5360.8,Player17,Player28,0.78,0.85,0.71,0.62
Away,SHOT,OFF TARGET-OUT,2,134041,5361.64,134076,5363.04,Player28,,0.73,0.65,1.02,0.64
Away,CHALLENGE,TACKLE-FAULT-WON,2,134915,5396.6,134915,5396.6,Player17,,0.38,0.85,,
Away,SET PIECE,FREE KICK,2,135085,5403.4,135085,5403.4,Player21,,,,,
Away,PASS,,2,135092,5403.68,135105,5404.2,Player21,Player15,0.37,0.74,0.36,0.79
Away,BALL LOST,INTERCEPTION,2,135125,5405.0,135150,5406.0,Player15,,0.37,0.79,0.48,0.82
Away,RECOVERY,INTERCEPTION,2,135213,5408.52,135213,5408.52,Player15,,0.39,0.94,,
Away,PASS,,2,135217,5408.68,135237,5409.48,Player15,Player28,0.39,0.95,0.48,0.86
Away,PASS,,2,135266,5410.64,135329,5413.16,Player28,Player23,0.49,0.88,0.76,0.95
Away,PASS,,2,135424,5416.96,135444,5417.76,Player23,Player17,0.87,0.96,0.79,0.87
Away,PASS,,2,135494,5419.76,135524,5420.96,Player17,Player28,0.81,0.79,0.75,0.66
Away,BALL LOST,INTERCEPTION,2,135531,5421.24,135561,5422.44,Player28,,0.75,0.67,0.87,0.32
Away,RECOVERY,INTERCEPTION,2,136025,5441.0,136025,5441.0,Player25,,0.01,0.62,,
Away,PASS,,2,136210,5448.4,136230,5449.2,Player25,Player21,0.15,0.64,0.28,0.75
Away,PASS,,2,136338,5453.52,136355,5454.2,Player21,Player23,0.53,0.83,0.56,0.98
Away,PASS,,2,136381,5455.24,136413,5456.52,Player23,Player21,0.57,0.98,0.66,0.94
Away,BALL LOST,INTERCEPTION,2,136508,5460.32,136520,5460.8,Player21,,0.73,0.81,0.79,0.58
Away,CHALLENGE,TACKLE-FAULT-LOST,2,137235,5489.4,137235,5489.4,Player15,,0.55,0.71,,
Away,CARD,YELLOW,2,137263,5490.52,137263,5490.52,Player15,,,,,
Away,CHALLENGE,TACKLE-FAULT-LOST,2,139110,5564.4,139110,5564.4,Player20,,0.51,0.09,,
Away,CHALLENGE,TACKLE-WON,2,139851,5594.04,139851,5594.04,Player28,,0.61,0.17,,
Away,RECOVERY,THEFT,2,139851,5594.04,139851,5594.04,Player28,,0.61,0.17,,
Away,PASS,,2,139867,5594.68,139874,5594.96,Player28,Player21,0.59,0.16,0.57,0.25
Away,PASS,,2,139898,5595.92,139943,5597.72,Player21,Player26,0.57,0.25,0.71,0.18
Away,BALL OUT,,2,140057,5602.28,140112,5604.48,Player26,,0.74,0.45,1.02,0.71
Away,RECOVERY,INTERCEPTION,2,140675,5627.0,140675,5627.0,Player20,,0.41,0.15,,
Away,PASS,,2,140729,5629.16,140744,5629.76,Player20,Player28,0.42,0.04,0.5,0.15
Away,CHALLENGE,TACKLE-FAULT-WON,2,140912,5636.48,140912,5636.48,Player28,,0.6,0.45,,
Away,FAULT RECEIVED,,2,140912,5636.48,140912,5636.48,Player28,,0.6,0.45,,
Away,SET PIECE,FREE KICK,2,141137,5645.48,141137,5645.48,Player21,,,,,
Away,PASS,,2,141140,5645.6,141148,5645.92,Player21,Player28,0.61,0.43,0.64,0.43
Away,PASS,,2,141185,5647.4,141230,5649.2,Player28,Player27,0.66,0.42,0.77,0.06
Away,PASS,,2,141436,5657.44,141451,5658.04,Player27,Player28,0.86,0.03,0.78,0.13
Away,BALL OUT,,2,141541,5661.64,141548,5661.92,Player28,,0.79,0.18,1.02,0.33
Away,SET PIECE,THROW IN,2,142516,5700.64,142516,5700.64,Player17,,,,,
Away,PASS,,2,142526,5701.04,142554,5702.16,Player17,Player21,0.49,1.01,0.44,0.77
Away,PASS,,2,142615,5704.6,142648,5705.92,Player21,Player16,0.42,0.72,0.32,0.64
Away,PASS,,2,142665,5706.6,142695,5707.8,Player16,Player20,0.32,0.63,0.39,0.35
Away,PASS,,2,142715,5708.6,142755,5710.2,Player20,Player27,0.41,0.33,0.6,0.04
Away,BALL LOST,INTERCEPTION,2,142886,5715.44,142938,5717.52,Player27,,0.72,0.08,0.85,0.32
Away,RECOVERY,INTERCEPTION,2,143013,5720.52,143013,5720.52,Player16,,0.47,0.37,,
Away,PASS,,2,143130,5725.2,143137,5725.48,Player16,Player18,0.5,0.37,0.61,0.53
Away,BALL LOST,INTERCEPTION,2,143229,5729.16,143247,5729.88,Player18,,0.68,0.3,0.77,0.23
Away,RECOVERY,BLOCKED,2,143617,5744.68,143617,5744.68,Player16,,0.05,0.62,,
Away,BALL OUT,,2,143622,5744.88,143630,5745.2,Player16,,0.05,0.63,0.03,1.01
